Strategy,Mean Error,Std Error,Var Error,Avg Cost,95% CVaR
BS Delta (Flat Vol),2.873426902838277,3.982709678941085,15.861976386731001,0.02829318929578825,6.519928236996029
FNO Greeks Delta,2.5231106204250024,4.199044387498391,17.63197376818174,0.030348534558671227,7.1546400375274315
BS Delta-Vega (Capped),1.8476516862952912,2.9391946103527657,8.638864957526748,0.03363908452632266,4.849985105239919
FNO Greeks Delta-Vega (Capped),-0.15258441760172878,2.065448312592469,4.266076731991078,0.04195415221061553,5.059400391198296
Deep Hedging (Stock-only),4.140661239624023,7.27772331237793,52.96525955200195,0.006478488445281982,15.94440746307373
Deep Hedging (Delta-Vega),2.919761896133423,6.2225141525268555,38.71968078613281,0.008667129091918468,13.869766235351562
