{
    "fno_speed_ms": 17.201059999933932,
    "cos_speed_ms": 183115.2351109995,
    "fno_delta_mae": 0.002114854964615856,
    "fno_gamma_mae": 5.391947064147356e-06,
    "cos_delta_mae": 3.556380323253838e-09,
    "cos_gamma_mae": 3.214085627058332e-12
}