{
    "kappa": 1.3571592815860072,
    "theta": 0.14999998258703245,
    "sigma": 0.4072250466145431,
    "rho": -0.9,
    "v0": 0.15,
    "H": 0.14999998873420067,
    "spx_rmse_bps": 1539.7734375,
    "total_loss": 0.7711257268451741,
    "converged": false,
    "vix_error_row_0": 50.727273055048414,
    "vix_error_0": 50.727273055048414,
    "vix_error_1": 37.52448212993431,
    "vix_error_0.07M": 50.727273055048414,
    "vix_error_0.1M": 50.727273055048414,
    "vix_error_row_1": 37.52448212993431,
    "vix_error_2": 28.21004521008033,
    "vix_error_0.99M": 37.52448212993431,
    "vix_error_1.0M": 37.52448212993431,
    "vix_error_row_2": 28.21004521008033,
    "vix_error_3": 21.957077476614323,
    "vix_error_2.14M": 28.21004521008033,
    "vix_error_2.1M": 28.21004521008033,
    "vix_error_row_3": 21.957077476614323,
    "vix_error_4": 18.19589383991193,
    "vix_error_3.06M": 21.957077476614323,
    "vix_error_3.1M": 21.957077476614323,
    "vix_error_row_4": 18.19589383991193,
    "vix_error_5": 15.514789819661,
    "vix_error_4.21M": 18.19589383991193,
    "vix_error_4.2M": 18.19589383991193,
    "vix_error_row_5": 15.514789819661,
    "vix_error_6": 13.725496606069552,
    "vix_error_5.13M": 15.514789819661,
    "vix_error_5.1M": 15.514789819661,
    "vix_error_row_6": 13.725496606069552,
    "vix_error_7": 12.330142954645815,
    "vix_error_6.05M": 13.725496606069552,
    "vix_error_6.0M": 13.725496606069552,
    "vix_error_row_7": 12.330142954645815,
    "vix_error_8": 12.330142954645815,
    "vix_error_7.20M": 12.330142954645815,
    "vix_error_7.2M": 12.330142954645815
}