{
    "kappa": 1.2162059573312018,
    "theta": 0.13943399385244398,
    "sigma": 0.4883395079348941,
    "rho": -0.40000000000000013,
    "v0": 0.07534066743620656,
    "H": 0.11508027853128883,
    "spx_rmse_bps": 925.4161987304688,
    "total_loss": 0.19110481683309596,
    "converged": true,
    "vix_error_row_0": 12.247356109451085,
    "vix_error_0": 12.247356109451085,
    "vix_error_1": 12.470018385289512,
    "vix_error_0.76M": 12.247356109451085,
    "vix_error_0.8M": 12.247356109451085,
    "vix_error_row_1": 12.470018385289512,
    "vix_error_2": 11.948152312238648,
    "vix_error_1.68M": 12.470018385289512,
    "vix_error_1.7M": 12.470018385289512,
    "vix_error_row_2": 11.948152312238648,
    "vix_error_3": 11.27719156207326,
    "vix_error_2.83M": 11.948152312238648,
    "vix_error_2.8M": 11.948152312238648,
    "vix_error_row_3": 11.27719156207326,
    "vix_error_4": 10.81502849687307,
    "vix_error_3.75M": 11.27719156207326,
    "vix_error_3.7M": 11.27719156207326,
    "vix_error_row_4": 10.81502849687307,
    "vix_error_5": 10.326311968660827,
    "vix_error_4.67M": 10.81502849687307,
    "vix_error_4.7M": 10.81502849687307,
    "vix_error_row_5": 10.326311968660827,
    "vix_error_6": 9.88677649340412,
    "vix_error_5.82M": 10.326311968660827,
    "vix_error_5.8M": 10.326311968660827,
    "vix_error_row_6": 9.88677649340412,
    "vix_error_7": 9.426217507872558,
    "vix_error_6.74M": 9.88677649340412,
    "vix_error_6.7M": 9.88677649340412,
    "vix_error_row_7": 9.426217507872558,
    "vix_error_8": 9.426217507872558,
    "vix_error_7.89M": 9.426217507872558,
    "vix_error_7.9M": 9.426217507872558
}