{
    "kappa": 1.0557115498741712,
    "theta": 0.10467634937126515,
    "sigma": 0.595929337505119,
    "rho": -0.5618701808169102,
    "v0": 0.09236132379829515,
    "H": 0.15,
    "spx_rmse_bps": 722.0228271484375,
    "total_loss": 0.1768537681925359,
    "converged": false,
    "vix_error_row_0": 18.819763694679782,
    "vix_error_0": 18.819763694679782,
    "vix_error_1": 14.92189969053396,
    "vix_error_0.53M": 18.819763694679782,
    "vix_error_0.5M": 18.819763694679782,
    "vix_error_row_1": 14.92189969053396,
    "vix_error_2": 11.867543940522491,
    "vix_error_1.45M": 14.92189969053396,
    "vix_error_1.4M": 14.92189969053396,
    "vix_error_row_2": 11.867543940522491,
    "vix_error_3": 9.886644581991044,
    "vix_error_2.37M": 11.867543940522491,
    "vix_error_2.4M": 11.867543940522491,
    "vix_error_row_3": 9.886644581991044,
    "vix_error_4": 8.646124391759567,
    "vix_error_3.52M": 9.886644581991044,
    "vix_error_3.5M": 9.886644581991044,
    "vix_error_row_4": 8.646124391759567,
    "vix_error_5": 7.790200912199049,
    "vix_error_4.44M": 8.646124391759567,
    "vix_error_4.4M": 8.646124391759567,
    "vix_error_row_5": 7.790200912199049,
    "vix_error_6": 7.1085570623000205,
    "vix_error_5.59M": 7.790200912199049,
    "vix_error_5.6M": 7.790200912199049,
    "vix_error_row_6": 7.1085570623000205,
    "vix_error_7": 6.716370883610907,
    "vix_error_6.51M": 7.1085570623000205,
    "vix_error_6.5M": 7.1085570623000205,
    "vix_error_row_7": 6.716370883610907,
    "vix_error_8": 6.716370883610907,
    "vix_error_7.43M": 6.716370883610907,
    "vix_error_7.4M": 6.716370883610907
}