{
    "kappa": 1.200000000937479,
    "theta": 0.1080637018930404,
    "sigma": 0.49999999929406636,
    "rho": -0.4,
    "v0": 0.07263808704710628,
    "H": 0.08000000680715555,
    "spx_rmse_bps": 737.9771118164062,
    "total_loss": 0.08000727317459302,
    "converged": true,
    "vix_error_row_0": 1.0901525612929532,
    "vix_error_0": 1.0901525612929532,
    "vix_error_1": 1.7696351134313808,
    "vix_error_0.49M": 1.0901525612929532,
    "vix_error_0.5M": 1.0901525612929532,
    "vix_error_row_1": 1.7696351134313808,
    "vix_error_2": 2.309539258796148,
    "vix_error_1.41M": 1.7696351134313808,
    "vix_error_1.4M": 1.7696351134313808,
    "vix_error_row_2": 2.309539258796148,
    "vix_error_3": 2.7458070355580126,
    "vix_error_2.56M": 2.309539258796148,
    "vix_error_2.6M": 2.309539258796148,
    "vix_error_row_3": 2.7458070355580126,
    "vix_error_4": 3.05732910799882,
    "vix_error_3.48M": 2.7458070355580126,
    "vix_error_3.5M": 2.7458070355580126,
    "vix_error_row_4": 3.05732910799882,
    "vix_error_5": 3.284245877964789,
    "vix_error_4.63M": 3.05732910799882,
    "vix_error_4.6M": 3.05732910799882,
    "vix_error_row_5": 3.284245877964789,
    "vix_error_6": 3.411620275796327,
    "vix_error_5.55M": 3.284245877964789,
    "vix_error_5.6M": 3.284245877964789,
    "vix_error_row_6": 3.411620275796327,
    "vix_error_7": 3.6234604809323354,
    "vix_error_6.47M": 3.411620275796327,
    "vix_error_6.5M": 3.411620275796327,
    "vix_error_row_7": 3.6234604809323354,
    "vix_error_8": 3.6234604809323354,
    "vix_error_7.62M": 3.6234604809323354,
    "vix_error_7.6M": 3.6234604809323354
}