,heston,rough_heston,rbergomi,sabr,ssvi,local_vol,mlsv
heston,1.0,1.1628567746502227e-05,0.051801405466052275,0.03297144076389591,0.8249132417176637,0.0015527419914953544,0.00042700396210948455
rough_heston,1.1628567746502227e-05,1.0,0.008499998462730751,0.05537415458224437,0.00018316078006774816,0.6606245965712965,0.4350693123702811
rbergomi,0.051801405466052275,0.008499998462730751,1.0,0.5721913223458392,0.005604695596280296,0.016431514132443148,0.0043404457266176255
sabr,0.03297144076389591,0.05537415458224437,0.5721913223458392,1.0,0.0008366812848059624,0.0028397799651440625,0.0005084979934746325
ssvi,0.8249132417176637,0.00018316078006774816,0.005604695596280296,0.0008366812848059624,1.0,0.00024525296454602774,4.617762899217226e-05
local_vol,0.0015527419914953544,0.6606245965712965,0.016431514132443148,0.0028397799651440625,0.00024525296454602774,1.0,0.00042732358280050953
mlsv,0.00042700396210948455,0.4350693123702811,0.0043404457266176255,0.0005084979934746325,4.617762899217226e-05,0.00042732358280050953,1.0
