,heston,rough_heston,rbergomi,sabr,ssvi,local_vol,mlsv
heston,0.0,-4.384437845597749,-1.944780471405617,-2.132430883671909,0.22123014073707034,-3.164641389333688,-3.522805897042496
rough_heston,4.384437845597749,0.0,2.6315355071513906,1.915928835220782,3.7411765683220315,-0.4390509809193022,-0.7805464251650586
rbergomi,1.944780471405617,-2.6315355071513906,0.0,-0.564827173487466,2.7700542543660114,-2.399187150794345,-2.852297501080091
sabr,2.132430883671909,-1.915928835220782,0.564827173487466,0.0,3.3403657265365885,-2.984569160100553,-3.4762394828218985
ssvi,-0.22123014073707034,-3.7411765683220315,-2.7700542543660114,-3.3403657265365885,0.0,-3.6671666507421095,-4.074175607388006
local_vol,3.164641389333688,0.4390509809193022,2.399187150794345,2.984569160100553,3.6671666507421095,0.0,-3.522607572978931
mlsv,3.522805897042496,0.7805464251650586,2.852297501080091,3.4762394828218985,4.074175607388006,3.522607572978931,0.0
