{
    "PCE": {
        "train_time": 38.82468557357788,
        "inf_time": 0.9801952838897705,
        "norm_R2": 0.9143482257334326,
        "raw_MSE": 0.00012393732712048016,
        "raw_R2": 0.9583577755608766,
        "raw_RMSE": 0.011132714274626837
    },
    "GPE": {
        "train_time": 619.1027691364288,
        "inf_time": 0.8292901515960693,
        "norm_R2": 0.9402744770050049,
        "raw_MSE": 8.976488607004285e-05,
        "raw_R2": 0.9698395133018494,
        "raw_RMSE": 0.009474433027207851
    },
    "FNO": {
        "train_time": 1544.7643156051636,
        "inf_time": 0.8456659317016602,
        "norm_R2": 0.9921457171440125,
        "raw_MSE": 1.391277510265354e-05,
        "raw_R2": 0.9953253865242004,
        "raw_RMSE": 0.0037299832329154015
    }
}