{
    "PCE": {
        "train_time": 0.671196699142456,
        "inf_time": 0.4360370635986328,
        "norm_R2": 0.9137205374757498,
        "raw_MSE": 0.00012441951676307145,
        "raw_R2": 0.9581957626323625,
        "raw_RMSE": 0.011154349679074593
    },
    "GPE": {
        "train_time": 13.348939657211304,
        "inf_time": 0.8556432723999023,
        "norm_R2": 0.9214746952056885,
        "raw_MSE": 0.00011664525663945824,
        "raw_R2": 0.9608078598976135,
        "raw_RMSE": 0.010800243355333805
    },
    "FNO": {
        "train_time": 35.754207372665405,
        "inf_time": 1.3346123695373535,
        "norm_R2": 0.9261476397514343,
        "raw_MSE": 0.00010171235771849751,
        "raw_R2": 0.9658252596855164,
        "raw_RMSE": 0.010085254907608032
    }
}