{
    "PCE": {
        "train_time": 0.4910576343536377,
        "inf_time": 0.43329882621765137,
        "norm_R2": 0.9137294924569779,
        "raw_MSE": 0.000125219551955616,
        "raw_R2": 0.9579269554390724,
        "raw_RMSE": 0.011190154241815256
    },
    "GPE": {
        "train_time": 6.526576519012451,
        "inf_time": 0.8661520481109619,
        "norm_R2": 0.9079495668411255,
        "raw_MSE": 0.00014084858412388712,
        "raw_R2": 0.9526757001876831,
        "raw_RMSE": 0.011867964640259743
    },
    "FNO": {
        "train_time": 16.919193506240845,
        "inf_time": 0.7465519905090332,
        "norm_R2": 0.9251221418380737,
        "raw_MSE": 0.0001062283554347232,
        "raw_R2": 0.9643079042434692,
        "raw_RMSE": 0.010306714102625847
    }
}