{
    "PCE": {
        "train_time": 2.055929660797119,
        "inf_time": 0.42165374755859375,
        "norm_R2": 0.9142397860603437,
        "raw_MSE": 0.000123981797731518,
        "raw_R2": 0.9583428336930084,
        "raw_RMSE": 0.011134711389682177
    },
    "GPE": {
        "train_time": 126.4398021697998,
        "inf_time": 0.8024706840515137,
        "norm_R2": 0.9342420101165771,
        "raw_MSE": 9.733588376548141e-05,
        "raw_R2": 0.9672957062721252,
        "raw_RMSE": 0.009865894913673401
    },
    "FNO": {
        "train_time": 375.7367944717407,
        "inf_time": 1.1479692459106445,
        "norm_R2": 0.9744254350662231,
        "raw_MSE": 4.319441723055206e-05,
        "raw_R2": 0.9854869246482849,
        "raw_RMSE": 0.006572246085852385
    }
}