{
    "PCE": {
        "train_time": 1.1406049728393555,
        "inf_time": 0.3058285713195801,
        "norm_R2": 0.9143384221083979,
        "raw_MSE": 0.0001240291109192636,
        "raw_R2": 0.958326936735822,
        "raw_RMSE": 0.011136835767814105
    },
    "GPE": {
        "train_time": 63.26097130775452,
        "inf_time": 0.8263981342315674,
        "norm_R2": 0.9315046668052673,
        "raw_MSE": 0.00010116439807461575,
        "raw_R2": 0.9660093784332275,
        "raw_RMSE": 0.010058050975203514
    },
    "FNO": {
        "train_time": 185.03617668151855,
        "inf_time": 0.7792291641235352,
        "norm_R2": 0.9731331467628479,
        "raw_MSE": 4.5603635953739285e-05,
        "raw_R2": 0.9846774339675903,
        "raw_RMSE": 0.006753046531230211
    }
}