{
    "PCE": {
        "train_time": 0.3661642074584961,
        "inf_time": 0.3878796100616455,
        "norm_R2": 0.9124544969698812,
        "raw_MSE": 0.00012937074892079278,
        "raw_R2": 0.956532177290058,
        "raw_RMSE": 0.011374126292634207
    },
    "GPE": {
        "train_time": 1.8458411693572998,
        "inf_time": 1.0624868869781494,
        "norm_R2": 0.38643383979797363,
        "raw_MSE": 0.0014502541162073612,
        "raw_R2": 0.5127229690551758,
        "raw_RMSE": 0.03808220103383064
    },
    "FNO": {
        "train_time": 5.739417314529419,
        "inf_time": 0.7846705913543701,
        "norm_R2": 0.8627257943153381,
        "raw_MSE": 0.0002025631401920691,
        "raw_R2": 0.931939959526062,
        "raw_RMSE": 0.014232467859983444
    }
}